Date,Product,Category,Region,Salesperson,Units Sold,Unit Price,Revenue,Customer Review
2025-01-01,Office Chair,Furniture,West,Sneha Gupta,14,6113.01,85582.14,"Average product, met basic expectations."
2025-01-03,Coffee Maker,Home Appliances,West,Rohan Mehta,25,4491.62,112290.5,"Outstanding quality, customer service was helpful too."
2025-01-07,Backpack,Accessories,West,Sneha Gupta,12,1822.51,21870.12,"Works exactly as described, very impressed."
2025-01-07,Coffee Maker,Home Appliances,East,Priya Patel,9,4102.2,36919.8,"Amazing product, will definitely buy again."
2025-01-07,Smart Watch,Electronics,West,Aarav Sharma,18,12629.11,227323.98,"Amazing product, will definitely buy again."
2025-01-09,Air Fryer,Home Appliances,West,Aarav Sharma,23,5618.55,129226.65,"Works exactly as described, very impressed."
2025-01-09,Backpack,Accessories,West,Rohan Mehta,4,1872.77,7491.08,"Bad quality material, feels cheap and flimsy."
2025-01-09,Laptop Pro 15,Electronics,West,Rohan Mehta,19,83695.05,1590205.95,"It's okay, does the job but nothing special."
2025-01-12,Yoga Mat,Fitness,East,Vikram Singh,9,823.56,7412.04,"It's okay, does the job but nothing special."
2025-01-15,Laptop Pro 15,Electronics,Central,Aarav Sharma,9,73565.59,662090.31,"Not worth the money, quite frustrated with this purchase."
2025-01-16,Wireless Mouse,Electronics,North,Priya Patel,12,951.14,11413.68,"Super happy with this purchase, five stars!"
2025-01-20,Backpack,Accessories,East,Sneha Gupta,4,2061.97,8247.88,"Terrible experience, delivery was late and item was damaged."
2025-01-22,Wireless Mouse,Electronics,South,Anita Rao,2,950.57,1901.14,"Best purchase I've made this year, works perfectly."
2025-01-22,Wireless Mouse,Electronics,South,Anita Rao,25,929.98,23249.5,"Absolutely love this product, exceeded my expectations!"
2025-01-23,Smart Watch,Electronics,East,Anita Rao,13,11886.14,154519.82,"Excellent value for money, very satisfied."
2025-01-26,Wireless Mouse,Electronics,South,Sneha Gupta,20,968.09,19361.8,"Works as expected, no complaints so far."
2025-01-27,Backpack,Accessories,South,Sneha Gupta,20,2061.97,41239.4,"Terrible experience, delivery was late and item was damaged."
2025-01-27,Office Chair,Furniture,East,Aarav Sharma,10,6598.54,65985.4,"Not worth the money, quite frustrated with this purchase."
2025-01-28,Backpack,Accessories,East,Anita Rao,20,1889.35,37787.0,"Product stopped working within days, very unhappy."
2025-01-28,Desk Lamp,Furniture,Central,Rohan Mehta,22,1396.64,30726.08,"Excellent value for money, very satisfied."
2025-01-30,Desk Lamp,Furniture,West,Aarav Sharma,21,1327.28,27872.88,"Best purchase I've made this year, works perfectly."
2025-02-02,Bluetooth Speaker,Electronics,North,Anita Rao,3,2451.66,7354.98,"Outstanding quality, customer service was helpful too."
2025-02-02,Wireless Mouse,Electronics,Central,Sneha Gupta,1,825.95,825.95,"Absolutely love this product, exceeded my expectations!"
2025-02-03,Yoga Mat,Fitness,West,Vikram Singh,20,743.62,14872.4,"Super happy with this purchase, five stars!"
2025-02-07,Running Shoes,Fitness,South,Sneha Gupta,5,3500.6,17503.0,"It's okay, does the job but nothing special."
2025-02-08,Wireless Mouse,Electronics,Central,Priya Patel,6,884.24,5305.44,"Very disappointed, product broke after a week."
2025-02-10,Coffee Maker,Home Appliances,North,Vikram Singh,14,4397.01,61558.14,"It's okay, does the job but nothing special."
2025-02-13,Wireless Mouse,Electronics,West,Anita Rao,14,812.47,11374.58,"Terrible experience, delivery was late and item was damaged."
2025-02-13,Backpack,Accessories,North,Vikram Singh,8,1789.4,14315.2,"Product stopped working within days, very unhappy."
2025-02-14,Laptop Pro 15,Electronics,West,Sneha Gupta,21,76235.35,1600942.35,"Absolutely love this product, exceeded my expectations!"
2025-02-14,Laptop Pro 15,Electronics,East,Priya Patel,7,84018.33,588128.31,"Amazing product, will definitely buy again."
2025-02-15,Wireless Mouse,Electronics,West,Rohan Mehta,1,869.07,869.07,"Amazing product, will definitely buy again."
2025-02-16,Yoga Mat,Fitness,West,Rohan Mehta,13,727.27,9454.51,"Decent for the price, could be better."
2025-02-17,Office Chair,Furniture,East,Aarav Sharma,11,6884.99,75734.89,"Super happy with this purchase, five stars!"
2025-02-19,Air Fryer,Home Appliances,North,Aarav Sharma,25,5227.41,130685.25,"Excellent value for money, very satisfied."
2025-02-21,Office Chair,Furniture,West,Priya Patel,9,6342.84,57085.56,"Super happy with this purchase, five stars!"
2025-02-22,Backpack,Accessories,South,Anita Rao,19,1891.57,35939.83,"Works exactly as described, very impressed."
2025-02-23,Laptop Pro 15,Electronics,South,Rohan Mehta,5,81770.8,408854.0,"Great quality and fast delivery, highly recommend."
2025-02-24,Yoga Mat,Fitness,North,Sneha Gupta,13,799.32,10391.16,"Great quality and fast delivery, highly recommend."
2025-02-25,Desk Lamp,Furniture,West,Rohan Mehta,8,1297.67,10381.36,"Outstanding quality, customer service was helpful too."
2025-02-27,Coffee Maker,Home Appliances,East,Rohan Mehta,12,4206.16,50473.92,"Outstanding quality, customer service was helpful too."
2025-02-28,Running Shoes,Fitness,East,Anita Rao,3,3618.79,10856.37,"Best purchase I've made this year, works perfectly."
2025-03-03,Bluetooth Speaker,Electronics,West,Aarav Sharma,6,2468.81,14812.86,"Excellent value for money, very satisfied."
2025-03-06,Bluetooth Speaker,Electronics,West,Priya Patel,6,2466.35,14798.1,"Outstanding quality, customer service was helpful too."
2025-03-08,Bluetooth Speaker,Electronics,West,Aarav Sharma,13,2494.87,32433.31,"It's okay, does the job but nothing special."
2025-03-09,Yoga Mat,Fitness,Central,Priya Patel,5,763.05,3815.25,"Works as expected, no complaints so far."
2025-03-12,Yoga Mat,Fitness,South,Anita Rao,25,872.07,21801.75,"Absolutely love this product, exceeded my expectations!"
2025-03-13,Yoga Mat,Fitness,Central,Priya Patel,2,824.77,1649.54,"It's okay, does the job but nothing special."
2025-03-14,Desk Lamp,Furniture,South,Sneha Gupta,8,1268.62,10148.96,"It's okay, does the job but nothing special."
2025-03-14,Wireless Mouse,Electronics,North,Rohan Mehta,17,851.89,14482.13,"Average product, met basic expectations."
2025-03-16,Standing Desk,Furniture,West,Vikram Singh,15,15234.77,228521.55,"Average product, met basic expectations."
2025-03-17,Bluetooth Speaker,Electronics,Central,Priya Patel,15,2721.53,40822.95,"Terrible experience, delivery was late and item was damaged."
2025-03-17,Running Shoes,Fitness,West,Vikram Singh,5,3829.57,19147.85,"It's fine, not amazing but not bad either."
2025-03-17,Standing Desk,Furniture,North,Priya Patel,15,14485.23,217278.45,"It's okay, does the job but nothing special."
2025-03-18,Coffee Maker,Home Appliances,East,Aarav Sharma,22,4557.49,100264.78,"Product stopped working within days, very unhappy."
2025-03-19,Backpack,Accessories,South,Anita Rao,6,2070.4,12422.4,"It's fine, not amazing but not bad either."
2025-03-22,Standing Desk,Furniture,North,Priya Patel,3,16218.91,48656.73,"Product stopped working within days, very unhappy."
2025-03-22,Running Shoes,Fitness,South,Anita Rao,17,3670.77,62403.09,"Great quality and fast delivery, highly recommend."
2025-03-22,Bluetooth Speaker,Electronics,North,Rohan Mehta,12,2710.92,32531.04,"It's fine, not amazing but not bad either."
2025-03-23,Coffee Maker,Home Appliances,Central,Aarav Sharma,1,3994.98,3994.98,"Product stopped working within days, very unhappy."
2025-03-25,Smart Watch,Electronics,South,Priya Patel,17,12366.87,210236.79,"It's okay, does the job but nothing special."
2025-03-25,Standing Desk,Furniture,South,Rohan Mehta,6,14693.58,88161.48,"Average product, met basic expectations."
2025-03-28,Coffee Maker,Home Appliances,North,Rohan Mehta,17,4322.75,73486.75,"Outstanding quality, customer service was helpful too."
2025-03-28,Coffee Maker,Home Appliances,South,Anita Rao,10,4212.98,42129.8,"Decent for the price, could be better."
2025-03-28,Bluetooth Speaker,Electronics,West,Priya Patel,10,2528.45,25284.5,"Decent for the price, could be better."
2025-03-29,Air Fryer,Home Appliances,North,Rohan Mehta,4,6111.99,24447.96,"Decent for the price, could be better."
2025-03-30,Running Shoes,Fitness,Central,Rohan Mehta,13,3617.45,47026.85,"Best purchase I've made this year, works perfectly."
2025-04-04,Office Chair,Furniture,West,Aarav Sharma,3,5971.2,17913.6,"Super happy with this purchase, five stars!"
2025-04-06,Running Shoes,Fitness,West,Aarav Sharma,13,3509.93,45629.09,"Super happy with this purchase, five stars!"
2025-04-06,Office Chair,Furniture,East,Vikram Singh,17,6683.28,113615.76,"Works as expected, no complaints so far."
2025-04-08,Coffee Maker,Home Appliances,West,Sneha Gupta,11,4138.48,45523.28,"Decent for the price, could be better."
2025-04-08,Running Shoes,Fitness,North,Anita Rao,1,3298.45,3298.45,"Excellent value for money, very satisfied."
2025-04-11,Desk Lamp,Furniture,North,Sneha Gupta,25,1333.75,33343.75,"Not worth the money, quite frustrated with this purchase."
2025-04-11,Wireless Mouse,Electronics,West,Vikram Singh,2,926.36,1852.72,"Absolutely love this product, exceeded my expectations!"
2025-04-12,Coffee Maker,Home Appliances,South,Rohan Mehta,22,4088.56,89948.32,"Bad quality material, feels cheap and flimsy."
2025-04-12,Yoga Mat,Fitness,North,Aarav Sharma,21,844.37,17731.77,"Great quality and fast delivery, highly recommend."
2025-04-13,Laptop Pro 15,Electronics,West,Vikram Singh,3,78587.1,235761.3,"Best purchase I've made this year, works perfectly."
2025-04-14,Standing Desk,Furniture,South,Aarav Sharma,20,14054.09,281081.8,"It's okay, does the job but nothing special."
2025-04-19,Laptop Pro 15,Electronics,West,Sneha Gupta,14,85188.29,1192636.06,"It's fine, not amazing but not bad either."
2025-04-20,Office Chair,Furniture,East,Aarav Sharma,24,6569.19,157660.56,"Excellent value for money, very satisfied."
2025-04-21,Running Shoes,Fitness,West,Anita Rao,16,3647.64,58362.24,"Great quality and fast delivery, highly recommend."
2025-04-21,Smart Watch,Electronics,West,Priya Patel,12,13363.43,160361.16,"Amazing product, will definitely buy again."
2025-04-22,Backpack,Accessories,East,Aarav Sharma,20,1874.15,37483.0,"Decent for the price, could be better."
2025-04-23,Office Chair,Furniture,South,Aarav Sharma,7,5874.62,41122.34,"Best purchase I've made this year, works perfectly."
2025-04-29,Running Shoes,Fitness,Central,Vikram Singh,13,3778.57,49121.41,"Absolutely love this product, exceeded my expectations!"
2025-05-01,Laptop Pro 15,Electronics,South,Priya Patel,24,85793.32,2059039.68,"Excellent value for money, very satisfied."
2025-05-01,Smart Watch,Electronics,South,Rohan Mehta,8,12013.45,96107.6,"Best purchase I've made this year, works perfectly."
2025-05-07,Wireless Mouse,Electronics,North,Priya Patel,19,940.36,17866.84,"Works exactly as described, very impressed."
2025-05-08,Running Shoes,Fitness,Central,Aarav Sharma,17,3256.18,55355.06,"Super happy with this purchase, five stars!"
2025-05-11,Desk Lamp,Furniture,East,Vikram Singh,7,1278.33,8948.31,"Bad quality material, feels cheap and flimsy."
2025-05-12,Coffee Maker,Home Appliances,Central,Rohan Mehta,25,4243.09,106077.25,"Average product, met basic expectations."
2025-05-15,Standing Desk,Furniture,East,Sneha Gupta,22,15951.05,350923.1,"Great quality and fast delivery, highly recommend."
2025-05-16,Yoga Mat,Fitness,East,Aarav Sharma,3,749.05,2247.15,"Works exactly as described, very impressed."
2025-05-21,Backpack,Accessories,East,Anita Rao,21,1746.0,36666.0,"It's okay, does the job but nothing special."
2025-05-21,Yoga Mat,Fitness,West,Aarav Sharma,1,873.23,873.23,"Poor quality, would not recommend this at all."
2025-05-21,Yoga Mat,Fitness,West,Aarav Sharma,17,777.74,13221.58,"Amazing product, will definitely buy again."
2025-05-22,Air Fryer,Home Appliances,West,Sneha Gupta,19,5665.1,107636.9,"Best purchase I've made this year, works perfectly."
2025-05-24,Desk Lamp,Furniture,East,Priya Patel,24,1311.09,31466.16,"Absolutely love this product, exceeded my expectations!"
2025-05-25,Bluetooth Speaker,Electronics,West,Priya Patel,4,2274.39,9097.56,"Product stopped working within days, very unhappy."
2025-05-26,Backpack,Accessories,West,Aarav Sharma,24,1949.58,46789.92,"Excellent value for money, very satisfied."
2025-05-28,Standing Desk,Furniture,South,Rohan Mehta,15,16785.7,251785.5,"It's fine, not amazing but not bad either."
2025-06-01,Air Fryer,Home Appliances,North,Rohan Mehta,14,5367.84,75149.76,"Absolutely love this product, exceeded my expectations!"
2025-06-01,Yoga Mat,Fitness,East,Anita Rao,8,735.53,5884.24,"Best purchase I've made this year, works perfectly."
2025-06-02,Coffee Maker,Home Appliances,Central,Sneha Gupta,20,4530.23,90604.6,"Super happy with this purchase, five stars!"
2025-06-02,Wireless Mouse,Electronics,North,Vikram Singh,8,843.61,6748.88,"Super happy with this purchase, five stars!"
2025-06-03,Bluetooth Speaker,Electronics,East,Anita Rao,11,2289.83,25188.13,"Decent for the price, could be better."
2025-06-05,Yoga Mat,Fitness,South,Anita Rao,14,817.55,11445.7,"Excellent value for money, very satisfied."
2025-06-06,Standing Desk,Furniture,South,Aarav Sharma,8,14341.29,114730.32,"Works as expected, no complaints so far."
2025-06-06,Smart Watch,Electronics,Central,Vikram Singh,9,11458.99,103130.91,"Excellent value for money, very satisfied."
2025-06-07,Coffee Maker,Home Appliances,North,Anita Rao,16,4563.43,73014.88,"Amazing product, will definitely buy again."
2025-06-07,Office Chair,Furniture,Central,Sneha Gupta,6,6085.1,36510.6,"Works as expected, no complaints so far."
2025-06-09,Backpack,Accessories,North,Aarav Sharma,6,1995.63,11973.78,"Great quality and fast delivery, highly recommend."
2025-06-12,Coffee Maker,Home Appliances,Central,Vikram Singh,12,4093.2,49118.4,"Works exactly as described, very impressed."
2025-06-13,Standing Desk,Furniture,Central,Priya Patel,11,15685.53,172540.83,"Poor quality, would not recommend this at all."
2025-06-13,Running Shoes,Fitness,South,Rohan Mehta,23,3224.75,74169.25,"Not worth the money, quite frustrated with this purchase."
2025-06-13,Wireless Mouse,Electronics,South,Anita Rao,22,885.0,19470.0,"Works exactly as described, very impressed."
2025-06-16,Backpack,Accessories,South,Priya Patel,6,2043.86,12263.16,"Super happy with this purchase, five stars!"
2025-06-18,Air Fryer,Home Appliances,Central,Rohan Mehta,9,6280.3,56522.7,"Terrible experience, delivery was late and item was damaged."
2025-06-22,Yoga Mat,Fitness,South,Rohan Mehta,3,800.68,2402.04,"Excellent value for money, very satisfied."
2025-06-23,Standing Desk,Furniture,Central,Vikram Singh,22,15130.27,332865.94,"Amazing product, will definitely buy again."
2025-06-25,Laptop Pro 15,Electronics,North,Anita Rao,3,77997.79,233993.37,"Super happy with this purchase, five stars!"
2025-06-26,Yoga Mat,Fitness,East,Sneha Gupta,22,831.92,18302.24,"Great quality and fast delivery, highly recommend."
2025-06-30,Desk Lamp,Furniture,South,Sneha Gupta,24,1304.65,31311.6,"Works as expected, no complaints so far."
2025-07-02,Desk Lamp,Furniture,East,Vikram Singh,17,1406.2,23905.4,"Terrible experience, delivery was late and item was damaged."
2025-07-02,Office Chair,Furniture,East,Aarav Sharma,18,6360.98,114497.64,"Excellent value for money, very satisfied."
2025-07-06,Desk Lamp,Furniture,West,Anita Rao,5,1185.49,5927.45,"It's fine, not amazing but not bad either."
2025-07-09,Wireless Mouse,Electronics,Central,Anita Rao,7,848.01,5936.07,"Amazing product, will definitely buy again."
2025-07-10,Standing Desk,Furniture,North,Aarav Sharma,16,15555.01,248880.16,"Very disappointed, product broke after a week."
2025-07-10,Laptop Pro 15,Electronics,Central,Aarav Sharma,3,79482.55,238447.65,"Average product, met basic expectations."
2025-07-11,Backpack,Accessories,North,Vikram Singh,12,1832.91,21994.92,"Amazing product, will definitely buy again."
2025-07-12,Laptop Pro 15,Electronics,West,Vikram Singh,11,79638.09,876018.99,"Absolutely love this product, exceeded my expectations!"
2025-07-15,Coffee Maker,Home Appliances,East,Aarav Sharma,2,4005.51,8011.02,"Works as expected, no complaints so far."
2025-07-16,Standing Desk,Furniture,East,Sneha Gupta,8,17049.93,136399.44,"Amazing product, will definitely buy again."
2025-07-17,Laptop Pro 15,Electronics,East,Rohan Mehta,6,79730.89,478385.34,"It's fine, not amazing but not bad either."
2025-07-23,Smart Watch,Electronics,Central,Vikram Singh,5,12184.78,60923.9,"Absolutely love this product, exceeded my expectations!"
2025-07-24,Air Fryer,Home Appliances,West,Priya Patel,20,5380.54,107610.8,"Outstanding quality, customer service was helpful too."
2025-07-24,Yoga Mat,Fitness,North,Vikram Singh,19,878.46,16690.74,"Absolutely love this product, exceeded my expectations!"
2025-07-24,Running Shoes,Fitness,West,Sneha Gupta,25,3823.65,95591.25,"Absolutely love this product, exceeded my expectations!"
2025-07-25,Standing Desk,Furniture,Central,Anita Rao,23,14916.32,343075.36,"Bad quality material, feels cheap and flimsy."
2025-07-25,Desk Lamp,Furniture,West,Priya Patel,5,1373.44,6867.2,"Terrible experience, delivery was late and item was damaged."
2025-07-28,Smart Watch,Electronics,West,Aarav Sharma,9,12623.05,113607.45,"Not worth the money, quite frustrated with this purchase."
2025-07-29,Desk Lamp,Furniture,Central,Anita Rao,13,1406.85,18289.05,"Decent for the price, could be better."
2025-07-30,Air Fryer,Home Appliances,West,Aarav Sharma,23,5896.45,135618.35,"Outstanding quality, customer service was helpful too."
2025-08-01,Backpack,Accessories,South,Aarav Sharma,19,1791.12,34031.28,"Terrible experience, delivery was late and item was damaged."
2025-08-01,Desk Lamp,Furniture,South,Vikram Singh,18,1253.55,22563.9,"Works as expected, no complaints so far."
2025-08-03,Desk Lamp,Furniture,West,Anita Rao,15,1376.34,20645.1,"Very disappointed, product broke after a week."
2025-08-04,Laptop Pro 15,Electronics,Central,Rohan Mehta,25,79125.34,1978133.5,"It's okay, does the job but nothing special."
2025-08-08,Desk Lamp,Furniture,South,Anita Rao,3,1276.88,3830.64,"Outstanding quality, customer service was helpful too."
2025-08-09,Air Fryer,Home Appliances,West,Priya Patel,19,5629.36,106957.84,"Outstanding quality, customer service was helpful too."
2025-08-09,Desk Lamp,Furniture,North,Anita Rao,14,1286.41,18009.74,"Super happy with this purchase, five stars!"
2025-08-11,Laptop Pro 15,Electronics,North,Priya Patel,16,73458.67,1175338.72,"Terrible experience, delivery was late and item was damaged."
2025-08-12,Wireless Mouse,Electronics,South,Aarav Sharma,17,891.09,15148.53,"Outstanding quality, customer service was helpful too."
2025-08-13,Backpack,Accessories,West,Rohan Mehta,5,1902.62,9513.1,"Absolutely love this product, exceeded my expectations!"
2025-08-14,Air Fryer,Home Appliances,Central,Vikram Singh,16,5474.53,87592.48,"Absolutely love this product, exceeded my expectations!"
2025-08-14,Backpack,Accessories,Central,Priya Patel,1,1736.06,1736.06,"Average product, met basic expectations."
2025-08-14,Air Fryer,Home Appliances,East,Aarav Sharma,13,6361.96,82705.48,"Excellent value for money, very satisfied."
2025-08-15,Laptop Pro 15,Electronics,North,Rohan Mehta,13,80991.88,1052894.44,"Super happy with this purchase, five stars!"
2025-08-15,Yoga Mat,Fitness,West,Aarav Sharma,24,742.42,17818.08,"Works exactly as described, very impressed."
2025-08-16,Laptop Pro 15,Electronics,North,Rohan Mehta,17,81850.91,1391465.47,"Works as expected, no complaints so far."
2025-08-19,Running Shoes,Fitness,North,Vikram Singh,21,3253.36,68320.56,"Best purchase I've made this year, works perfectly."
2025-08-19,Bluetooth Speaker,Electronics,North,Rohan Mehta,18,2393.38,43080.84,"Works as expected, no complaints so far."
2025-08-20,Backpack,Accessories,Central,Vikram Singh,25,1907.57,47689.25,"Outstanding quality, customer service was helpful too."
2025-08-21,Wireless Mouse,Electronics,South,Rohan Mehta,12,841.36,10096.32,"Best purchase I've made this year, works perfectly."
2025-08-23,Smart Watch,Electronics,East,Aarav Sharma,2,13262.61,26525.22,"Great quality and fast delivery, highly recommend."
2025-08-24,Backpack,Accessories,West,Rohan Mehta,20,2013.67,40273.4,"Excellent value for money, very satisfied."
2025-08-28,Office Chair,Furniture,Central,Rohan Mehta,24,6598.94,158374.56,"Decent for the price, could be better."
2025-08-28,Desk Lamp,Furniture,West,Aarav Sharma,9,1373.78,12364.02,"Average product, met basic expectations."
2025-08-29,Laptop Pro 15,Electronics,Central,Aarav Sharma,21,80876.63,1698409.23,"Excellent value for money, very satisfied."
2025-09-04,Laptop Pro 15,Electronics,Central,Rohan Mehta,19,76698.45,1457270.55,"It's okay, does the job but nothing special."
2025-09-04,Yoga Mat,Fitness,North,Rohan Mehta,24,824.11,19778.64,"Super happy with this purchase, five stars!"
2025-09-04,Standing Desk,Furniture,West,Sneha Gupta,23,15425.89,354795.47,"It's fine, not amazing but not bad either."
2025-09-04,Wireless Mouse,Electronics,East,Priya Patel,19,959.17,18224.23,"Super happy with this purchase, five stars!"
2025-09-06,Running Shoes,Fitness,South,Aarav Sharma,4,3637.0,14548.0,"Great quality and fast delivery, highly recommend."
2025-09-06,Desk Lamp,Furniture,West,Vikram Singh,11,1266.8,13934.8,"Not worth the money, quite frustrated with this purchase."
2025-09-07,Wireless Mouse,Electronics,East,Sneha Gupta,25,892.65,22316.25,"It's fine, not amazing but not bad either."
2025-09-07,Running Shoes,Fitness,West,Sneha Gupta,15,3534.88,53023.2,"Best purchase I've made this year, works perfectly."
2025-09-08,Smart Watch,Electronics,South,Vikram Singh,6,12405.65,74433.9,"Excellent value for money, very satisfied."
2025-09-10,Office Chair,Furniture,East,Priya Patel,24,6579.78,157914.72,"Works exactly as described, very impressed."
2025-09-10,Running Shoes,Fitness,North,Vikram Singh,19,3565.14,67737.66,"It's fine, not amazing but not bad either."
2025-09-10,Wireless Mouse,Electronics,East,Rohan Mehta,24,921.48,22115.52,"Average product, met basic expectations."
2025-09-10,Backpack,Accessories,West,Priya Patel,9,1921.06,17289.54,"Amazing product, will definitely buy again."
2025-09-13,Yoga Mat,Fitness,South,Anita Rao,22,735.53,16181.66,"It's fine, not amazing but not bad either."
2025-09-14,Smart Watch,Electronics,West,Anita Rao,15,13363.26,200448.9,"Works exactly as described, very impressed."
2025-09-15,Backpack,Accessories,West,Vikram Singh,18,2036.02,36648.36,"Great quality and fast delivery, highly recommend."
2025-09-16,Coffee Maker,Home Appliances,North,Rohan Mehta,11,3877.37,42651.07,"Works as expected, no complaints so far."
2025-09-18,Standing Desk,Furniture,West,Anita Rao,15,14741.51,221122.65,"Outstanding quality, customer service was helpful too."
2025-09-19,Bluetooth Speaker,Electronics,South,Priya Patel,10,2413.1,24131.0,"Works exactly as described, very impressed."
2025-09-20,Standing Desk,Furniture,West,Anita Rao,25,15093.58,377339.5,"It's okay, does the job but nothing special."
2025-09-26,Coffee Maker,Home Appliances,East,Anita Rao,19,4100.06,77901.14,"Decent for the price, could be better."
2025-09-27,Bluetooth Speaker,Electronics,North,Sneha Gupta,12,2680.03,32160.36,"Great quality and fast delivery, highly recommend."
2025-09-28,Desk Lamp,Furniture,East,Priya Patel,17,1296.02,22032.34,"Very disappointed, product broke after a week."
2025-10-01,Desk Lamp,Furniture,East,Rohan Mehta,17,1425.13,24227.21,"It's okay, does the job but nothing special."
2025-10-01,Yoga Mat,Fitness,South,Anita Rao,23,868.78,19981.94,"Works as expected, no complaints so far."
2025-10-02,Desk Lamp,Furniture,North,Aarav Sharma,5,1267.82,6339.1,"Average product, met basic expectations."
2025-10-05,Standing Desk,Furniture,South,Vikram Singh,18,16108.13,289946.34,"Excellent value for money, very satisfied."
2025-10-07,Yoga Mat,Fitness,North,Anita Rao,15,797.5,11962.5,"Works exactly as described, very impressed."
2025-10-08,Smart Watch,Electronics,East,Priya Patel,3,12886.47,38659.41,"Super happy with this purchase, five stars!"
2025-10-09,Smart Watch,Electronics,North,Aarav Sharma,8,11808.03,94464.24,"Works as expected, no complaints so far."
2025-10-10,Yoga Mat,Fitness,East,Vikram Singh,18,720.72,12972.96,"Very disappointed, product broke after a week."
2025-10-10,Yoga Mat,Fitness,North,Sneha Gupta,7,873.82,6116.74,"Not worth the money, quite frustrated with this purchase."
2025-10-11,Office Chair,Furniture,West,Aarav Sharma,21,6014.95,126313.95,"Poor quality, would not recommend this at all."
2025-10-11,Office Chair,Furniture,Central,Aarav Sharma,5,7133.79,35668.95,"Best purchase I've made this year, works perfectly."
2025-10-11,Yoga Mat,Fitness,South,Priya Patel,21,732.56,15383.76,"Works as expected, no complaints so far."
2025-10-12,Standing Desk,Furniture,North,Sneha Gupta,15,15920.62,238809.3,"Super happy with this purchase, five stars!"
2025-10-12,Office Chair,Furniture,West,Rohan Mehta,5,6129.91,30649.55,"It's okay, does the job but nothing special."
2025-10-19,Wireless Mouse,Electronics,North,Vikram Singh,16,895.17,14322.72,"Absolutely love this product, exceeded my expectations!"
2025-10-21,Wireless Mouse,Electronics,West,Aarav Sharma,14,841.46,11780.44,"Works exactly as described, very impressed."
2025-10-21,Laptop Pro 15,Electronics,North,Rohan Mehta,3,80256.8,240770.4,"Very disappointed, product broke after a week."
2025-10-23,Air Fryer,Home Appliances,South,Sneha Gupta,5,5437.03,27185.15,"Product stopped working within days, very unhappy."
2025-10-24,Running Shoes,Fitness,West,Priya Patel,2,3155.59,6311.18,"It's okay, does the job but nothing special."
2025-10-27,Bluetooth Speaker,Electronics,North,Aarav Sharma,23,2720.96,62582.08,"It's fine, not amazing but not bad either."
2025-10-30,Desk Lamp,Furniture,North,Anita Rao,12,1328.78,15945.36,"Best purchase I've made this year, works perfectly."
2025-11-03,Wireless Mouse,Electronics,East,Rohan Mehta,5,877.91,4389.55,"Poor quality, would not recommend this at all."
2025-11-03,Office Chair,Furniture,West,Vikram Singh,19,6287.29,119458.51,"Product stopped working within days, very unhappy."
2025-11-04,Yoga Mat,Fitness,North,Anita Rao,17,768.52,13064.84,"Works exactly as described, very impressed."
2025-11-05,Desk Lamp,Furniture,South,Vikram Singh,13,1311.45,17048.85,"Amazing product, will definitely buy again."
2025-11-06,Coffee Maker,Home Appliances,Central,Rohan Mehta,16,3985.7,63771.2,"Not worth the money, quite frustrated with this purchase."
2025-11-07,Running Shoes,Fitness,West,Priya Patel,8,3325.93,26607.44,"Works exactly as described, very impressed."
2025-11-08,Office Chair,Furniture,South,Vikram Singh,3,7142.09,21426.27,"Works exactly as described, very impressed."
2025-11-08,Coffee Maker,Home Appliances,North,Priya Patel,1,4577.01,4577.01,"Works exactly as described, very impressed."
2025-11-08,Coffee Maker,Home Appliances,North,Sneha Gupta,23,4118.11,94716.53,"Outstanding quality, customer service was helpful too."
2025-11-09,Bluetooth Speaker,Electronics,Central,Sneha Gupta,19,2559.49,48630.31,"It's okay, does the job but nothing special."
2025-11-10,Desk Lamp,Furniture,West,Rohan Mehta,9,1228.99,11060.91,"Decent for the price, could be better."
2025-11-11,Smart Watch,Electronics,North,Sneha Gupta,6,12263.54,73581.24,"Amazing product, will definitely buy again."
2025-11-11,Wireless Mouse,Electronics,North,Priya Patel,20,943.76,18875.2,"Decent for the price, could be better."
2025-11-13,Backpack,Accessories,North,Aarav Sharma,13,2088.75,27153.75,"Works as expected, no complaints so far."
2025-11-13,Laptop Pro 15,Electronics,South,Rohan Mehta,11,75675.97,832435.67,"Best purchase I've made this year, works perfectly."
2025-11-14,Wireless Mouse,Electronics,South,Anita Rao,8,954.12,7632.96,"Absolutely love this product, exceeded my expectations!"
2025-11-16,Wireless Mouse,Electronics,South,Rohan Mehta,11,890.97,9800.67,"Outstanding quality, customer service was helpful too."
2025-11-16,Desk Lamp,Furniture,North,Rohan Mehta,12,1196.02,14352.24,"Best purchase I've made this year, works perfectly."
2025-11-17,Smart Watch,Electronics,West,Vikram Singh,20,12221.6,244432.0,"Great quality and fast delivery, highly recommend."
2025-11-17,Yoga Mat,Fitness,Central,Priya Patel,23,770.13,17712.99,"Terrible experience, delivery was late and item was damaged."
2025-11-18,Backpack,Accessories,Central,Aarav Sharma,2,1728.14,3456.28,"Best purchase I've made this year, works perfectly."
2025-11-18,Backpack,Accessories,South,Sneha Gupta,6,2075.45,12452.7,"Terrible experience, delivery was late and item was damaged."
2025-11-19,Smart Watch,Electronics,North,Priya Patel,1,13653.67,13653.67,"It's fine, not amazing but not bad either."
2025-11-19,Standing Desk,Furniture,Central,Anita Rao,7,15981.86,111873.02,"Outstanding quality, customer service was helpful too."
2025-11-21,Smart Watch,Electronics,Central,Sneha Gupta,21,13046.79,273982.59,"Works as expected, no complaints so far."
2025-11-23,Yoga Mat,Fitness,South,Aarav Sharma,4,853.2,3412.8,"Average product, met basic expectations."
2025-11-24,Standing Desk,Furniture,East,Rohan Mehta,18,14199.79,255596.22,"Works exactly as described, very impressed."
2025-11-26,Standing Desk,Furniture,West,Vikram Singh,15,15319.54,229793.1,"Works as expected, no complaints so far."
2025-11-27,Backpack,Accessories,Central,Sneha Gupta,21,1829.17,38412.57,"Outstanding quality, customer service was helpful too."
2025-11-29,Yoga Mat,Fitness,North,Sneha Gupta,6,797.01,4782.06,"Amazing product, will definitely buy again."
2025-12-02,Running Shoes,Fitness,South,Priya Patel,19,3653.75,69421.25,"Best purchase I've made this year, works perfectly."
2025-12-02,Yoga Mat,Fitness,North,Aarav Sharma,22,766.34,16859.48,"Works exactly as described, very impressed."
2025-12-03,Laptop Pro 15,Electronics,South,Sneha Gupta,9,83683.91,753155.19,"Terrible experience, delivery was late and item was damaged."
2025-12-04,Office Chair,Furniture,Central,Aarav Sharma,22,6008.9,132195.8,"Works exactly as described, very impressed."
2025-12-04,Bluetooth Speaker,Electronics,South,Priya Patel,8,2438.94,19511.52,"Not worth the money, quite frustrated with this purchase."
2025-12-05,Bluetooth Speaker,Electronics,South,Aarav Sharma,6,2614.51,15687.06,"Average product, met basic expectations."
2025-12-06,Yoga Mat,Fitness,North,Anita Rao,9,738.99,6650.91,"Works exactly as described, very impressed."
2025-12-06,Yoga Mat,Fitness,Central,Sneha Gupta,1,737.53,737.53,"Poor quality, would not recommend this at all."
2025-12-09,Yoga Mat,Fitness,Central,Aarav Sharma,3,771.78,2315.34,"It's fine, not amazing but not bad either."
2025-12-12,Bluetooth Speaker,Electronics,East,Rohan Mehta,18,2537.95,45683.1,"It's fine, not amazing but not bad either."
2025-12-12,Office Chair,Furniture,South,Anita Rao,19,5903.55,112167.45,"Very disappointed, product broke after a week."
2025-12-13,Wireless Mouse,Electronics,West,Rohan Mehta,20,933.65,18673.0,"Decent for the price, could be better."
2025-12-13,Office Chair,Furniture,North,Rohan Mehta,21,6077.62,127630.02,"It's fine, not amazing but not bad either."
2025-12-14,Desk Lamp,Furniture,West,Sneha Gupta,6,1298.01,7788.06,"Amazing product, will definitely buy again."
2025-12-15,Running Shoes,Fitness,South,Aarav Sharma,20,3687.25,73745.0,"Not worth the money, quite frustrated with this purchase."
2025-12-15,Smart Watch,Electronics,Central,Rohan Mehta,4,11983.75,47935.0,"Absolutely love this product, exceeded my expectations!"
2025-12-15,Wireless Mouse,Electronics,East,Sneha Gupta,17,857.14,14571.38,"Amazing product, will definitely buy again."
2025-12-16,Running Shoes,Fitness,West,Sneha Gupta,6,3408.06,20448.36,"Works as expected, no complaints so far."
2025-12-18,Laptop Pro 15,Electronics,North,Aarav Sharma,21,71906.06,1510027.26,"Bad quality material, feels cheap and flimsy."
2025-12-19,Coffee Maker,Home Appliances,Central,Vikram Singh,14,4617.17,64640.38,"Decent for the price, could be better."
2025-12-21,Standing Desk,Furniture,South,Sneha Gupta,5,14804.51,74022.55,"Bad quality material, feels cheap and flimsy."
2025-12-22,Smart Watch,Electronics,East,Anita Rao,23,11412.35,262484.05,"Amazing product, will definitely buy again."
2025-12-25,Standing Desk,Furniture,South,Sneha Gupta,10,16493.66,164936.6,"Poor quality, would not recommend this at all."
2025-12-26,Standing Desk,Furniture,South,Aarav Sharma,18,14821.36,266784.48,"Super happy with this purchase, five stars!"
2025-12-26,Standing Desk,Furniture,South,Anita Rao,23,15841.81,364361.63,"Best purchase I've made this year, works perfectly."
2025-12-29,Wireless Mouse,Electronics,North,Aarav Sharma,18,825.83,14864.94,"Decent for the price, could be better."
2026-01-03,Running Shoes,Fitness,West,Vikram Singh,10,3332.14,33321.4,"Outstanding quality, customer service was helpful too."
2026-01-03,Wireless Mouse,Electronics,West,Aarav Sharma,12,917.65,11011.8,"Bad quality material, feels cheap and flimsy."
2026-01-05,Desk Lamp,Furniture,West,Rohan Mehta,4,1192.88,4771.52,"Not worth the money, quite frustrated with this purchase."
2026-01-05,Standing Desk,Furniture,West,Aarav Sharma,18,15724.06,283033.08,"Best purchase I've made this year, works perfectly."
2026-01-09,Bluetooth Speaker,Electronics,West,Aarav Sharma,24,2314.78,55554.72,"Terrible experience, delivery was late and item was damaged."
2026-01-10,Running Shoes,Fitness,Central,Sneha Gupta,18,3627.02,65286.36,"It's okay, does the job but nothing special."
2026-01-10,Desk Lamp,Furniture,West,Vikram Singh,3,1374.52,4123.56,"Great quality and fast delivery, highly recommend."
2026-01-14,Yoga Mat,Fitness,North,Priya Patel,10,744.31,7443.1,"Bad quality material, feels cheap and flimsy."
2026-01-18,Bluetooth Speaker,Electronics,West,Aarav Sharma,13,2478.51,32220.63,"Excellent value for money, very satisfied."
2026-01-18,Office Chair,Furniture,North,Sneha Gupta,11,6575.18,72326.98,"Best purchase I've made this year, works perfectly."
2026-01-18,Coffee Maker,Home Appliances,South,Sneha Gupta,14,4369.63,61174.82,"Product stopped working within days, very unhappy."
2026-01-22,Yoga Mat,Fitness,West,Sneha Gupta,13,731.92,9514.96,"Product stopped working within days, very unhappy."
2026-01-23,Coffee Maker,Home Appliances,Central,Aarav Sharma,3,4243.71,12731.13,"Product stopped working within days, very unhappy."
2026-01-24,Bluetooth Speaker,Electronics,North,Vikram Singh,13,2658.13,34555.69,"Poor quality, would not recommend this at all."
2026-01-25,Running Shoes,Fitness,South,Anita Rao,3,3689.46,11068.38,"Excellent value for money, very satisfied."
2026-01-26,Coffee Maker,Home Appliances,North,Priya Patel,19,4081.53,77549.07,"Amazing product, will definitely buy again."
2026-01-27,Office Chair,Furniture,North,Vikram Singh,20,6738.07,134761.4,"Best purchase I've made this year, works perfectly."
2026-01-29,Backpack,Accessories,Central,Vikram Singh,15,1929.51,28942.65,"Bad quality material, feels cheap and flimsy."
2026-01-31,Air Fryer,Home Appliances,East,Aarav Sharma,17,5742.41,97620.97,"Great quality and fast delivery, highly recommend."
2026-02-02,Air Fryer,Home Appliances,Central,Priya Patel,8,5515.79,44126.32,"Great quality and fast delivery, highly recommend."
2026-02-03,Coffee Maker,Home Appliances,Central,Sneha Gupta,1,4371.98,4371.98,"Great quality and fast delivery, highly recommend."
2026-02-04,Office Chair,Furniture,West,Aarav Sharma,9,7054.47,63490.23,"Decent for the price, could be better."
2026-02-05,Office Chair,Furniture,Central,Rohan Mehta,19,6674.58,126817.02,"Bad quality material, feels cheap and flimsy."
2026-02-05,Standing Desk,Furniture,West,Rohan Mehta,15,16344.26,245163.9,"Works as expected, no complaints so far."
2026-02-07,Office Chair,Furniture,East,Priya Patel,16,6034.82,96557.12,"It's fine, not amazing but not bad either."
2026-02-08,Backpack,Accessories,Central,Aarav Sharma,19,1923.46,36545.74,"Works exactly as described, very impressed."
2026-02-10,Smart Watch,Electronics,South,Aarav Sharma,21,12013.77,252289.17,"Average product, met basic expectations."
2026-02-12,Smart Watch,Electronics,East,Aarav Sharma,7,13670.32,95692.24,"Not worth the money, quite frustrated with this purchase."
2026-02-14,Office Chair,Furniture,Central,Aarav Sharma,25,6281.08,157027.0,"It's okay, does the job but nothing special."
2026-02-14,Desk Lamp,Furniture,West,Sneha Gupta,8,1207.44,9659.52,"It's okay, does the job but nothing special."
2026-02-15,Standing Desk,Furniture,West,Vikram Singh,17,14193.81,241294.77,"Bad quality material, feels cheap and flimsy."
2026-02-16,Standing Desk,Furniture,Central,Vikram Singh,17,14074.79,239271.43,"Super happy with this purchase, five stars!"
2026-02-17,Smart Watch,Electronics,North,Aarav Sharma,24,12098.26,290358.24,"Poor quality, would not recommend this at all."
2026-02-19,Running Shoes,Fitness,East,Anita Rao,24,3264.6,78350.4,"Best purchase I've made this year, works perfectly."
2026-02-19,Backpack,Accessories,West,Vikram Singh,23,1952.23,44901.29,"Works exactly as described, very impressed."
2026-02-21,Wireless Mouse,Electronics,South,Priya Patel,16,895.65,14330.4,"Very disappointed, product broke after a week."
2026-02-22,Smart Watch,Electronics,North,Sneha Gupta,9,11331.79,101986.11,"Outstanding quality, customer service was helpful too."
2026-02-22,Bluetooth Speaker,Electronics,Central,Aarav Sharma,3,2361.41,7084.23,"Very disappointed, product broke after a week."
2026-02-23,Wireless Mouse,Electronics,West,Rohan Mehta,11,866.83,9535.13,"Best purchase I've made this year, works perfectly."
2026-02-25,Office Chair,Furniture,West,Aarav Sharma,12,6729.27,80751.24,"Outstanding quality, customer service was helpful too."
2026-02-25,Backpack,Accessories,West,Priya Patel,2,1829.94,3659.88,"Works exactly as described, very impressed."
2026-02-28,Laptop Pro 15,Electronics,Central,Sneha Gupta,2,73126.29,146252.58,"Outstanding quality, customer service was helpful too."
2026-02-28,Running Shoes,Fitness,North,Rohan Mehta,13,3694.36,48026.68,"Works as expected, no complaints so far."
2026-03-03,Running Shoes,Fitness,Central,Rohan Mehta,14,3253.52,45549.28,"Outstanding quality, customer service was helpful too."
2026-03-06,Air Fryer,Home Appliances,South,Anita Rao,8,5741.08,45928.64,"Absolutely love this product, exceeded my expectations!"
2026-03-06,Wireless Mouse,Electronics,North,Anita Rao,20,946.84,18936.8,"Very disappointed, product broke after a week."
2026-03-06,Running Shoes,Fitness,West,Rohan Mehta,19,3668.54,69702.26,"Works exactly as described, very impressed."
2026-03-07,Running Shoes,Fitness,North,Priya Patel,13,3782.31,49170.03,"It's okay, does the job but nothing special."
2026-03-08,Yoga Mat,Fitness,West,Rohan Mehta,9,852.52,7672.68,"Absolutely love this product, exceeded my expectations!"
2026-03-10,Desk Lamp,Furniture,Central,Vikram Singh,4,1370.75,5483.0,"Great quality and fast delivery, highly recommend."
2026-03-10,Backpack,Accessories,North,Aarav Sharma,12,1975.11,23701.32,"Absolutely love this product, exceeded my expectations!"
2026-03-10,Office Chair,Furniture,Central,Aarav Sharma,17,6320.38,107446.46,"Best purchase I've made this year, works perfectly."
2026-03-11,Bluetooth Speaker,Electronics,West,Anita Rao,16,2552.52,40840.32,"Excellent value for money, very satisfied."
2026-03-14,Office Chair,Furniture,West,Vikram Singh,18,5862.57,105526.26,"Best purchase I've made this year, works perfectly."
2026-03-17,Yoga Mat,Fitness,West,Rohan Mehta,21,874.78,18370.38,"Super happy with this purchase, five stars!"
2026-03-17,Air Fryer,Home Appliances,North,Rohan Mehta,4,5548.57,22194.28,"It's fine, not amazing but not bad either."
2026-03-17,Wireless Mouse,Electronics,West,Aarav Sharma,20,988.02,19760.4,"Amazing product, will definitely buy again."
2026-03-18,Wireless Mouse,Electronics,North,Anita Rao,12,885.26,10623.12,"Absolutely love this product, exceeded my expectations!"
2026-03-18,Smart Watch,Electronics,South,Rohan Mehta,3,13622.19,40866.57,"Product stopped working within days, very unhappy."
2026-03-19,Running Shoes,Fitness,South,Priya Patel,13,3169.53,41203.89,"Average product, met basic expectations."
2026-03-23,Air Fryer,Home Appliances,West,Sneha Gupta,24,5907.27,141774.48,"Excellent value for money, very satisfied."
2026-03-24,Coffee Maker,Home Appliances,Central,Priya Patel,3,4574.99,13724.97,"Outstanding quality, customer service was helpful too."
2026-03-24,Smart Watch,Electronics,North,Rohan Mehta,24,13633.57,327205.68,"Excellent value for money, very satisfied."
2026-03-25,Laptop Pro 15,Electronics,South,Vikram Singh,2,72169.19,144338.38,"Super happy with this purchase, five stars!"
2026-03-25,Yoga Mat,Fitness,West,Aarav Sharma,24,830.44,19930.56,"Amazing product, will definitely buy again."
2026-03-26,Standing Desk,Furniture,North,Sneha Gupta,8,15623.26,124986.08,"It's okay, does the job but nothing special."
2026-03-28,Air Fryer,Home Appliances,North,Anita Rao,18,5473.51,98523.18,"Excellent value for money, very satisfied."
2026-03-28,Standing Desk,Furniture,East,Anita Rao,15,16335.26,245028.9,"Works as expected, no complaints so far."
2026-03-29,Office Chair,Furniture,West,Vikram Singh,9,6085.94,54773.46,"It's fine, not amazing but not bad either."
2026-03-31,Running Shoes,Fitness,West,Sneha Gupta,16,3266.14,52258.24,"Average product, met basic expectations."
2026-04-02,Backpack,Accessories,Central,Sneha Gupta,6,1991.54,11949.24,"Amazing product, will definitely buy again."
2026-04-02,Bluetooth Speaker,Electronics,East,Anita Rao,7,2747.08,19229.56,"Outstanding quality, customer service was helpful too."
2026-04-03,Office Chair,Furniture,West,Rohan Mehta,2,6794.86,13589.72,"Product stopped working within days, very unhappy."
2026-04-05,Standing Desk,Furniture,South,Vikram Singh,5,15257.83,76289.15,"Excellent value for money, very satisfied."
2026-04-05,Backpack,Accessories,East,Anita Rao,8,1911.92,15295.36,"Outstanding quality, customer service was helpful too."
2026-04-08,Yoga Mat,Fitness,West,Vikram Singh,4,758.72,3034.88,"Absolutely love this product, exceeded my expectations!"
2026-04-12,Air Fryer,Home Appliances,Central,Sneha Gupta,11,6228.74,68516.14,"Poor quality, would not recommend this at all."
2026-04-13,Coffee Maker,Home Appliances,North,Vikram Singh,1,4386.85,4386.85,"Best purchase I've made this year, works perfectly."
2026-04-14,Laptop Pro 15,Electronics,South,Sneha Gupta,3,71929.38,215788.14,"Product stopped working within days, very unhappy."
2026-04-15,Desk Lamp,Furniture,Central,Rohan Mehta,21,1419.55,29810.55,"Outstanding quality, customer service was helpful too."
2026-04-16,Running Shoes,Fitness,East,Priya Patel,18,3388.66,60995.88,"Amazing product, will definitely buy again."
2026-04-17,Laptop Pro 15,Electronics,East,Priya Patel,23,84548.41,1944613.43,"Great quality and fast delivery, highly recommend."
2026-04-20,Laptop Pro 15,Electronics,North,Rohan Mehta,22,81417.87,1791193.14,"Works exactly as described, very impressed."
2026-04-21,Standing Desk,Furniture,North,Anita Rao,23,14886.79,342396.17,"Best purchase I've made this year, works perfectly."
2026-04-25,Desk Lamp,Furniture,East,Aarav Sharma,3,1205.67,3617.01,"Bad quality material, feels cheap and flimsy."
2026-04-26,Coffee Maker,Home Appliances,North,Anita Rao,25,4485.37,112134.25,"Terrible experience, delivery was late and item was damaged."
2026-04-27,Laptop Pro 15,Electronics,West,Sneha Gupta,10,70709.18,707091.8,"Amazing product, will definitely buy again."
2026-04-29,Office Chair,Furniture,North,Rohan Mehta,23,6930.44,159400.12,"It's fine, not amazing but not bad either."
2026-04-30,Air Fryer,Home Appliances,West,Vikram Singh,9,5262.48,47362.32,"Decent for the price, could be better."
2026-04-30,Air Fryer,Home Appliances,South,Anita Rao,8,6130.16,49041.28,"Poor quality, would not recommend this at all."
2026-05-02,Office Chair,Furniture,South,Anita Rao,18,6064.67,109164.06,"Works exactly as described, very impressed."
2026-05-02,Coffee Maker,Home Appliances,Central,Rohan Mehta,1,4089.42,4089.42,"It's fine, not amazing but not bad either."
2026-05-06,Running Shoes,Fitness,North,Sneha Gupta,19,3429.58,65162.02,"Works exactly as described, very impressed."
2026-05-10,Office Chair,Furniture,East,Aarav Sharma,4,6234.06,24936.24,"Very disappointed, product broke after a week."
2026-05-12,Standing Desk,Furniture,East,Vikram Singh,21,14691.66,308524.86,"Amazing product, will definitely buy again."
2026-05-12,Laptop Pro 15,Electronics,East,Aarav Sharma,5,73244.0,366220.0,"Outstanding quality, customer service was helpful too."
2026-05-14,Running Shoes,Fitness,Central,Anita Rao,5,3281.99,16409.95,"Absolutely love this product, exceeded my expectations!"
2026-05-16,Bluetooth Speaker,Electronics,South,Anita Rao,11,2488.91,27378.01,"Decent for the price, could be better."
2026-05-16,Air Fryer,Home Appliances,East,Rohan Mehta,24,5964.37,143144.88,"Best purchase I've made this year, works perfectly."
2026-05-17,Backpack,Accessories,Central,Anita Rao,5,1878.7,9393.5,"Super happy with this purchase, five stars!"
2026-05-20,Laptop Pro 15,Electronics,North,Rohan Mehta,4,71716.2,286864.8,"Poor quality, would not recommend this at all."
2026-05-23,Yoga Mat,Fitness,West,Anita Rao,10,824.98,8249.8,"Absolutely love this product, exceeded my expectations!"
2026-05-23,Smart Watch,Electronics,West,Vikram Singh,2,13680.73,27361.46,"Bad quality material, feels cheap and flimsy."
2026-05-26,Coffee Maker,Home Appliances,Central,Sneha Gupta,10,4197.79,41977.9,"Works exactly as described, very impressed."
2026-05-29,Running Shoes,Fitness,South,Sneha Gupta,25,3577.01,89425.25,"Absolutely love this product, exceeded my expectations!"
2026-05-29,Air Fryer,Home Appliances,East,Anita Rao,25,5701.9,142547.5,"It's okay, does the job but nothing special."
2026-05-30,Air Fryer,Home Appliances,East,Aarav Sharma,23,6001.88,138043.24,"Poor quality, would not recommend this at all."
2026-06-02,Backpack,Accessories,North,Aarav Sharma,7,1926.61,13486.27,"Super happy with this purchase, five stars!"
2026-06-05,Office Chair,Furniture,South,Rohan Mehta,8,6007.77,48062.16,"Best purchase I've made this year, works perfectly."
2026-06-08,Desk Lamp,Furniture,West,Vikram Singh,4,1317.89,5271.56,"Super happy with this purchase, five stars!"
2026-06-10,Coffee Maker,Home Appliances,West,Rohan Mehta,19,3871.61,73560.59,"Absolutely love this product, exceeded my expectations!"
2026-06-10,Laptop Pro 15,Electronics,West,Priya Patel,14,77326.06,1082564.84,"Outstanding quality, customer service was helpful too."
2026-06-12,Running Shoes,Fitness,South,Rohan Mehta,18,3223.41,58021.38,"Great quality and fast delivery, highly recommend."
2026-06-12,Air Fryer,Home Appliances,North,Anita Rao,19,5500.65,104512.35,"Works exactly as described, very impressed."
2026-06-13,Yoga Mat,Fitness,Central,Aarav Sharma,4,764.65,3058.6,"Decent for the price, could be better."
2026-06-15,Running Shoes,Fitness,South,Priya Patel,15,3184.24,47763.6,"Great quality and fast delivery, highly recommend."
2026-06-16,Desk Lamp,Furniture,South,Rohan Mehta,10,1388.87,13888.7,"Amazing product, will definitely buy again."
2026-06-17,Desk Lamp,Furniture,West,Aarav Sharma,18,1347.55,24255.9,"Bad quality material, feels cheap and flimsy."
2026-06-18,Standing Desk,Furniture,East,Priya Patel,8,15232.04,121856.32,"Best purchase I've made this year, works perfectly."
2026-06-20,Smart Watch,Electronics,Central,Vikram Singh,11,13586.77,149454.47,"Super happy with this purchase, five stars!"
2026-06-21,Yoga Mat,Fitness,East,Sneha Gupta,16,861.2,13779.2,"Outstanding quality, customer service was helpful too."
2026-06-23,Air Fryer,Home Appliances,East,Aarav Sharma,18,5808.5,104553.0,"Product stopped working within days, very unhappy."
2026-06-24,Wireless Mouse,Electronics,Central,Vikram Singh,2,928.11,1856.22,"Product stopped working within days, very unhappy."
2026-06-25,Smart Watch,Electronics,Central,Aarav Sharma,1,13717.21,13717.21,"Poor quality, would not recommend this at all."
2026-06-26,Bluetooth Speaker,Electronics,Central,Anita Rao,1,2582.9,2582.9,"It's okay, does the job but nothing special."
2026-06-28,Desk Lamp,Furniture,East,Sneha Gupta,10,1286.98,12869.8,"It's okay, does the job but nothing special."
2026-06-28,Running Shoes,Fitness,South,Priya Patel,14,3545.14,49631.96,"Average product, met basic expectations."
2026-06-28,Standing Desk,Furniture,North,Anita Rao,8,15927.63,127421.04,"Works exactly as described, very impressed."
2026-06-28,Smart Watch,Electronics,South,Aarav Sharma,19,11271.19,214152.61,"It's fine, not amazing but not bad either."
2026-06-28,Coffee Maker,Home Appliances,South,Sneha Gupta,18,4280.18,77043.24,"Not worth the money, quite frustrated with this purchase."
2026-06-30,Office Chair,Furniture,South,Sneha Gupta,23,6149.14,141430.22,"Decent for the price, could be better."
2026-06-30,Backpack,Accessories,North,Rohan Mehta,14,1960.35,27444.9,"Super happy with this purchase, five stars!"
